filename,number
1.jpg,6
10.jpg,70
11.jpg,70
12.jpg,70
13.jpg,69
14.jpg,68
15.jpg,70
16.jpg,69
18.jpg,285
19.jpg,286
2.jpg,59
20.jpg,282
21.jpg,275
22.jpg,274
23.jpg,277
24.jpg,270
25.jpg,333
26.jpg,335
27.jpg,8
28.jpg,6
29.jpg,439
3.jpg,45
30.jpg,439
31.jpg,441
32.jpg,439
33.jpg,493
34.jpg,495
35.jpg,10
36.jpg,7
37.jpg,612
38.jpg,613
39.jpg,615
4.jpg,91
40.jpg,106
41.jpg,105
42.jpg,106
43.jpg,106
44.jpg,613
45.jpg,613
46.jpg,616
47.jpg,612
48.jpg,441
49.jpg,440
5.jpg,36
50.jpg,445
6.jpg,37
7.jpg,36
8.jpg,38
9.jpg,69
